tournamentId,userId,displayName,discordUsername,submittedAt,teamId,teamName,bucketId,predictedScore,actualScore,difference_abs
t2LLkrQbj0pwKm9i4nUs,3ffLSvoz5cdG0GuQ8nyiBrGa3qI3,Daniel Kozłowski,,,0OKTuz7PNdsMzKgvRrOh,Czosnek,place_1,16,,
t2LLkrQbj0pwKm9i4nUs,3ffLSvoz5cdG0GuQ8nyiBrGa3qI3,Daniel Kozłowski,,,u6kMrDWsUi2WF6GKhWH5,"Adaś, ile za tę Robotę?",place_2,15,,
t2LLkrQbj0pwKm9i4nUs,3ffLSvoz5cdG0GuQ8nyiBrGa3qI3,Daniel Kozłowski,,,H3HMslxOZ1zcTd7oX2Ro,Samci Savci,place_3_4,13,,
t2LLkrQbj0pwKm9i4nUs,3ffLSvoz5cdG0GuQ8nyiBrGa3qI3,Daniel Kozłowski,,,U58HjwnnhLO1jIcasGF6,SEX,place_3_4,13,,
t2LLkrQbj0pwKm9i4nUs,3ffLSvoz5cdG0GuQ8nyiBrGa3qI3,Daniel Kozłowski,,,bQVSbkopKwi333zDlvH5,PSY,place_5_8,9,,
t2LLkrQbj0pwKm9i4nUs,3ffLSvoz5cdG0GuQ8nyiBrGa3qI3,Daniel Kozłowski,,,c6KuothJZCHyA09sPTJF,Gramy Dla Wujka,place_5_8,9,,
t2LLkrQbj0pwKm9i4nUs,3ffLSvoz5cdG0GuQ8nyiBrGa3qI3,Daniel Kozłowski,,,nVzav95nziXL8mddtpix,Chrupek zamknij się,place_5_8,9,,
t2LLkrQbj0pwKm9i4nUs,3ffLSvoz5cdG0GuQ8nyiBrGa3qI3,Daniel Kozłowski,,,RXEbqcFKE0XaWIcufsnj,Bociarnia Junior,place_5_8,9,,
t2LLkrQbj0pwKm9i4nUs,3ffLSvoz5cdG0GuQ8nyiBrGa3qI3,Daniel Kozłowski,,,zO8OY2bf8lYsydnqKTrQ,Voodoo Monkey,place_9_12,5,,
t2LLkrQbj0pwKm9i4nUs,3ffLSvoz5cdG0GuQ8nyiBrGa3qI3,Daniel Kozłowski,,,omyDOuB6gb9syLuqDORc,mid diff,place_9_12,5,,
t2LLkrQbj0pwKm9i4nUs,3ffLSvoz5cdG0GuQ8nyiBrGa3qI3,Daniel Kozłowski,,,bvpFdNauTeF17fx69L2c,Dwa Razy I Do Bazy,place_9_12,5,,
t2LLkrQbj0pwKm9i4nUs,3ffLSvoz5cdG0GuQ8nyiBrGa3qI3,Daniel Kozłowski,,,n5uP41hQfGnnZdaHW72h,Gang sylwka,place_9_12,5,,
t2LLkrQbj0pwKm9i4nUs,3gYCMp5COPMglCtEnfOQLC7pMR02,andrzej zelek,andrzej.xx,,Ii52VFXiWLS9NcKCAi58,Agresywny Pilates,place_1,16,,
t2LLkrQbj0pwKm9i4nUs,3gYCMp5COPMglCtEnfOQLC7pMR02,andrzej zelek,andrzej.xx,,zdMgjFO2iTIcCQXwXEn2,Keo Esports,place_2,15,,
t2LLkrQbj0pwKm9i4nUs,3gYCMp5COPMglCtEnfOQLC7pMR02,andrzej zelek,andrzej.xx,,u6kMrDWsUi2WF6GKhWH5,"Adaś, ile za tę Robotę?",place_3_4,13,,
t2LLkrQbj0pwKm9i4nUs,3gYCMp5COPMglCtEnfOQLC7pMR02,andrzej zelek,andrzej.xx,,n5uP41hQfGnnZdaHW72h,Gang sylwka,place_3_4,13,,
t2LLkrQbj0pwKm9i4nUs,3gYCMp5COPMglCtEnfOQLC7pMR02,andrzej zelek,andrzej.xx,,0OKTuz7PNdsMzKgvRrOh,Czosnek,place_5_8,9,,
t2LLkrQbj0pwKm9i4nUs,3gYCMp5COPMglCtEnfOQLC7pMR02,andrzej zelek,andrzej.xx,,RXEbqcFKE0XaWIcufsnj,Bociarnia Junior,place_5_8,9,,
t2LLkrQbj0pwKm9i4nUs,3gYCMp5COPMglCtEnfOQLC7pMR02,andrzej zelek,andrzej.xx,,nVzav95nziXL8mddtpix,Chrupek zamknij się,place_5_8,9,,
t2LLkrQbj0pwKm9i4nUs,3gYCMp5COPMglCtEnfOQLC7pMR02,andrzej zelek,andrzej.xx,,VLI67jzh3hYFx9Eysnbn,Puck It!,place_5_8,9,,
t2LLkrQbj0pwKm9i4nUs,3gYCMp5COPMglCtEnfOQLC7pMR02,andrzej zelek,andrzej.xx,,ascZbE2c3v568Yb2bsFN,Syzyf,place_9_12,5,,
t2LLkrQbj0pwKm9i4nUs,3gYCMp5COPMglCtEnfOQLC7pMR02,andrzej zelek,andrzej.xx,,bvpFdNauTeF17fx69L2c,Dwa Razy I Do Bazy,place_9_12,5,,
t2LLkrQbj0pwKm9i4nUs,3gYCMp5COPMglCtEnfOQLC7pMR02,andrzej zelek,andrzej.xx,,c6KuothJZCHyA09sPTJF,Gramy Dla Wujka,place_9_12,5,,
t2LLkrQbj0pwKm9i4nUs,3gYCMp5COPMglCtEnfOQLC7pMR02,andrzej zelek,andrzej.xx,,zO8OY2bf8lYsydnqKTrQ,Voodoo Monkey,place_9_12,5,,
t2LLkrQbj0pwKm9i4nUs,6H6r4rDYtmYiQ2WH4EhwG6yJns42,Oleksandr Kostiv,yoojoonghuyk,,zdMgjFO2iTIcCQXwXEn2,Keo Esports,place_1,16,,
t2LLkrQbj0pwKm9i4nUs,6H6r4rDYtmYiQ2WH4EhwG6yJns42,Oleksandr Kostiv,yoojoonghuyk,,omyDOuB6gb9syLuqDORc,mid diff,place_2,15,,
t2LLkrQbj0pwKm9i4nUs,6H6r4rDYtmYiQ2WH4EhwG6yJns42,Oleksandr Kostiv,yoojoonghuyk,,VLI67jzh3hYFx9Eysnbn,Puck It!,place_3_4,13,,
t2LLkrQbj0pwKm9i4nUs,6H6r4rDYtmYiQ2WH4EhwG6yJns42,Oleksandr Kostiv,yoojoonghuyk,,Ii52VFXiWLS9NcKCAi58,Agresywny Pilates,place_3_4,13,,
t2LLkrQbj0pwKm9i4nUs,6H6r4rDYtmYiQ2WH4EhwG6yJns42,Oleksandr Kostiv,yoojoonghuyk,,n5uP41hQfGnnZdaHW72h,Gang sylwka,place_5_8,9,,
t2LLkrQbj0pwKm9i4nUs,6H6r4rDYtmYiQ2WH4EhwG6yJns42,Oleksandr Kostiv,yoojoonghuyk,,zO8OY2bf8lYsydnqKTrQ,Voodoo Monkey,place_5_8,9,,
t2LLkrQbj0pwKm9i4nUs,6H6r4rDYtmYiQ2WH4EhwG6yJns42,Oleksandr Kostiv,yoojoonghuyk,,RXEbqcFKE0XaWIcufsnj,Bociarnia Junior,place_5_8,9,,
t2LLkrQbj0pwKm9i4nUs,6H6r4rDYtmYiQ2WH4EhwG6yJns42,Oleksandr Kostiv,yoojoonghuyk,,bQVSbkopKwi333zDlvH5,PSY,place_5_8,9,,
t2LLkrQbj0pwKm9i4nUs,6H6r4rDYtmYiQ2WH4EhwG6yJns42,Oleksandr Kostiv,yoojoonghuyk,,H3HMslxOZ1zcTd7oX2Ro,Samci Savci,place_9_12,5,,
t2LLkrQbj0pwKm9i4nUs,6H6r4rDYtmYiQ2WH4EhwG6yJns42,Oleksandr Kostiv,yoojoonghuyk,,JPlDAQPMryxuV5zieUNY,La Cucaracha,place_9_12,5,,
t2LLkrQbj0pwKm9i4nUs,6H6r4rDYtmYiQ2WH4EhwG6yJns42,Oleksandr Kostiv,yoojoonghuyk,,U58HjwnnhLO1jIcasGF6,SEX,place_9_12,5,,
t2LLkrQbj0pwKm9i4nUs,6H6r4rDYtmYiQ2WH4EhwG6yJns42,Oleksandr Kostiv,yoojoonghuyk,,x2vbMbrLklQ5Fogl1poE,Bubliny Team,place_9_12,5,,
t2LLkrQbj0pwKm9i4nUs,HqcaMWaaNuZmX2GVTQvV5wbWWbT2,Norbert,norikss,,RXEbqcFKE0XaWIcufsnj,Bociarnia Junior,place_1,16,,
t2LLkrQbj0pwKm9i4nUs,HqcaMWaaNuZmX2GVTQvV5wbWWbT2,Norbert,norikss,,zdMgjFO2iTIcCQXwXEn2,Keo Esports,place_2,15,,
t2LLkrQbj0pwKm9i4nUs,HqcaMWaaNuZmX2GVTQvV5wbWWbT2,Norbert,norikss,,omyDOuB6gb9syLuqDORc,mid diff,place_3_4,13,,
t2LLkrQbj0pwKm9i4nUs,HqcaMWaaNuZmX2GVTQvV5wbWWbT2,Norbert,norikss,,Ii52VFXiWLS9NcKCAi58,Agresywny Pilates,place_3_4,13,,
t2LLkrQbj0pwKm9i4nUs,HqcaMWaaNuZmX2GVTQvV5wbWWbT2,Norbert,norikss,,bvpFdNauTeF17fx69L2c,Dwa Razy I Do Bazy,place_5_8,9,,
t2LLkrQbj0pwKm9i4nUs,HqcaMWaaNuZmX2GVTQvV5wbWWbT2,Norbert,norikss,,VLI67jzh3hYFx9Eysnbn,Puck It!,place_5_8,9,,
t2LLkrQbj0pwKm9i4nUs,HqcaMWaaNuZmX2GVTQvV5wbWWbT2,Norbert,norikss,,0OKTuz7PNdsMzKgvRrOh,Czosnek,place_5_8,9,,
t2LLkrQbj0pwKm9i4nUs,HqcaMWaaNuZmX2GVTQvV5wbWWbT2,Norbert,norikss,,ascZbE2c3v568Yb2bsFN,Syzyf,place_5_8,9,,
t2LLkrQbj0pwKm9i4nUs,HqcaMWaaNuZmX2GVTQvV5wbWWbT2,Norbert,norikss,,2zOyLiVvkJdIHzYb8klX,HoundGaming,place_9_12,5,,
t2LLkrQbj0pwKm9i4nUs,HqcaMWaaNuZmX2GVTQvV5wbWWbT2,Norbert,norikss,,H3HMslxOZ1zcTd7oX2Ro,Samci Savci,place_9_12,5,,
t2LLkrQbj0pwKm9i4nUs,HqcaMWaaNuZmX2GVTQvV5wbWWbT2,Norbert,norikss,,c6KuothJZCHyA09sPTJF,Gramy Dla Wujka,place_9_12,5,,
t2LLkrQbj0pwKm9i4nUs,HqcaMWaaNuZmX2GVTQvV5wbWWbT2,Norbert,norikss,,n5uP41hQfGnnZdaHW72h,Gang sylwka,place_9_12,5,,
t2LLkrQbj0pwKm9i4nUs,JFpHkZZ4gMMXhn9gpVqtT69P21z2,SBK!,SBK#0576,,ascZbE2c3v568Yb2bsFN,Syzyf,place_1,16,,
t2LLkrQbj0pwKm9i4nUs,JFpHkZZ4gMMXhn9gpVqtT69P21z2,SBK!,SBK#0576,,bQVSbkopKwi333zDlvH5,PSY,place_2,15,,
t2LLkrQbj0pwKm9i4nUs,JFpHkZZ4gMMXhn9gpVqtT69P21z2,SBK!,SBK#0576,,RXEbqcFKE0XaWIcufsnj,Bociarnia Junior,place_3_4,13,,
t2LLkrQbj0pwKm9i4nUs,JFpHkZZ4gMMXhn9gpVqtT69P21z2,SBK!,SBK#0576,,zdMgjFO2iTIcCQXwXEn2,Keo Esports,place_3_4,13,,
t2LLkrQbj0pwKm9i4nUs,JFpHkZZ4gMMXhn9gpVqtT69P21z2,SBK!,SBK#0576,,c6KuothJZCHyA09sPTJF,Gramy Dla Wujka,place_5_8,9,,
t2LLkrQbj0pwKm9i4nUs,JFpHkZZ4gMMXhn9gpVqtT69P21z2,SBK!,SBK#0576,,bvpFdNauTeF17fx69L2c,Dwa Razy I Do Bazy,place_5_8,9,,
t2LLkrQbj0pwKm9i4nUs,JFpHkZZ4gMMXhn9gpVqtT69P21z2,SBK!,SBK#0576,,0OKTuz7PNdsMzKgvRrOh,Czosnek,place_5_8,9,,
t2LLkrQbj0pwKm9i4nUs,JFpHkZZ4gMMXhn9gpVqtT69P21z2,SBK!,SBK#0576,,omyDOuB6gb9syLuqDORc,mid diff,place_5_8,9,,
t2LLkrQbj0pwKm9i4nUs,JFpHkZZ4gMMXhn9gpVqtT69P21z2,SBK!,SBK#0576,,Ii52VFXiWLS9NcKCAi58,Agresywny Pilates,place_9_12,5,,
t2LLkrQbj0pwKm9i4nUs,JFpHkZZ4gMMXhn9gpVqtT69P21z2,SBK!,SBK#0576,,x2vbMbrLklQ5Fogl1poE,Bubliny Team,place_9_12,5,,
t2LLkrQbj0pwKm9i4nUs,JFpHkZZ4gMMXhn9gpVqtT69P21z2,SBK!,SBK#0576,,n5uP41hQfGnnZdaHW72h,Gang sylwka,place_9_12,5,,
t2LLkrQbj0pwKm9i4nUs,JFpHkZZ4gMMXhn9gpVqtT69P21z2,SBK!,SBK#0576,,H3HMslxOZ1zcTd7oX2Ro,Samci Savci,place_9_12,5,,
t2LLkrQbj0pwKm9i4nUs,MIdGIO5IsrV5ceYtalNCITcfyYB3,Paweł Salamon,,,n5uP41hQfGnnZdaHW72h,Gang sylwka,place_1,16,,
t2LLkrQbj0pwKm9i4nUs,MIdGIO5IsrV5ceYtalNCITcfyYB3,Paweł Salamon,,,zdMgjFO2iTIcCQXwXEn2,Keo Esports,place_2,15,,
t2LLkrQbj0pwKm9i4nUs,MIdGIO5IsrV5ceYtalNCITcfyYB3,Paweł Salamon,,,c6KuothJZCHyA09sPTJF,Gramy Dla Wujka,place_3_4,13,,
t2LLkrQbj0pwKm9i4nUs,MIdGIO5IsrV5ceYtalNCITcfyYB3,Paweł Salamon,,,Ii52VFXiWLS9NcKCAi58,Agresywny Pilates,place_3_4,13,,
t2LLkrQbj0pwKm9i4nUs,MIdGIO5IsrV5ceYtalNCITcfyYB3,Paweł Salamon,,,nVzav95nziXL8mddtpix,Chrupek zamknij się,place_5_8,9,,
t2LLkrQbj0pwKm9i4nUs,MIdGIO5IsrV5ceYtalNCITcfyYB3,Paweł Salamon,,,VLI67jzh3hYFx9Eysnbn,Puck It!,place_5_8,9,,
t2LLkrQbj0pwKm9i4nUs,MIdGIO5IsrV5ceYtalNCITcfyYB3,Paweł Salamon,,,RXEbqcFKE0XaWIcufsnj,Bociarnia Junior,place_5_8,9,,
t2LLkrQbj0pwKm9i4nUs,MIdGIO5IsrV5ceYtalNCITcfyYB3,Paweł Salamon,,,ascZbE2c3v568Yb2bsFN,Syzyf,place_5_8,9,,
t2LLkrQbj0pwKm9i4nUs,MIdGIO5IsrV5ceYtalNCITcfyYB3,Paweł Salamon,,,u6kMrDWsUi2WF6GKhWH5,"Adaś, ile za tę Robotę?",place_9_12,5,,
t2LLkrQbj0pwKm9i4nUs,MIdGIO5IsrV5ceYtalNCITcfyYB3,Paweł Salamon,,,zO8OY2bf8lYsydnqKTrQ,Voodoo Monkey,place_9_12,5,,
t2LLkrQbj0pwKm9i4nUs,MIdGIO5IsrV5ceYtalNCITcfyYB3,Paweł Salamon,,,ipWCrBDspzP77i2ErR27,Sparta Orzechowo,place_9_12,5,,
t2LLkrQbj0pwKm9i4nUs,MIdGIO5IsrV5ceYtalNCITcfyYB3,Paweł Salamon,,,0OKTuz7PNdsMzKgvRrOh,Czosnek,place_9_12,5,,
t2LLkrQbj0pwKm9i4nUs,UL9KjiwerNfrxeYqoZ7anIFZr1e2,Cienszki,cienszki,,nVzav95nziXL8mddtpix,Chrupek zamknij się,place_1,16,,
t2LLkrQbj0pwKm9i4nUs,UL9KjiwerNfrxeYqoZ7anIFZr1e2,Cienszki,cienszki,,zdMgjFO2iTIcCQXwXEn2,Keo Esports,place_2,15,,
t2LLkrQbj0pwKm9i4nUs,UL9KjiwerNfrxeYqoZ7anIFZr1e2,Cienszki,cienszki,,n5uP41hQfGnnZdaHW72h,Gang sylwka,place_3_4,13,,
t2LLkrQbj0pwKm9i4nUs,UL9KjiwerNfrxeYqoZ7anIFZr1e2,Cienszki,cienszki,,VLI67jzh3hYFx9Eysnbn,Puck It!,place_3_4,13,,
t2LLkrQbj0pwKm9i4nUs,UL9KjiwerNfrxeYqoZ7anIFZr1e2,Cienszki,cienszki,,Ii52VFXiWLS9NcKCAi58,Agresywny Pilates,place_5_8,9,,
t2LLkrQbj0pwKm9i4nUs,UL9KjiwerNfrxeYqoZ7anIFZr1e2,Cienszki,cienszki,,RXEbqcFKE0XaWIcufsnj,Bociarnia Junior,place_5_8,9,,
t2LLkrQbj0pwKm9i4nUs,UL9KjiwerNfrxeYqoZ7anIFZr1e2,Cienszki,cienszki,,u6kMrDWsUi2WF6GKhWH5,"Adaś, ile za tę Robotę?",place_5_8,9,,
t2LLkrQbj0pwKm9i4nUs,UL9KjiwerNfrxeYqoZ7anIFZr1e2,Cienszki,cienszki,,0OKTuz7PNdsMzKgvRrOh,Czosnek,place_5_8,9,,
t2LLkrQbj0pwKm9i4nUs,UL9KjiwerNfrxeYqoZ7anIFZr1e2,Cienszki,cienszki,,zO8OY2bf8lYsydnqKTrQ,Voodoo Monkey,place_9_12,5,,
t2LLkrQbj0pwKm9i4nUs,UL9KjiwerNfrxeYqoZ7anIFZr1e2,Cienszki,cienszki,,c6KuothJZCHyA09sPTJF,Gramy Dla Wujka,place_9_12,5,,
t2LLkrQbj0pwKm9i4nUs,UL9KjiwerNfrxeYqoZ7anIFZr1e2,Cienszki,cienszki,,bvpFdNauTeF17fx69L2c,Dwa Razy I Do Bazy,place_9_12,5,,
t2LLkrQbj0pwKm9i4nUs,UL9KjiwerNfrxeYqoZ7anIFZr1e2,Cienszki,cienszki,,ascZbE2c3v568Yb2bsFN,Syzyf,place_9_12,5,,
t2LLkrQbj0pwKm9i4nUs,VUqv1SY8xrakEuZxwGUsN1Z41r32,Paweł Siniawski,S1NIAWA,,VLI67jzh3hYFx9Eysnbn,Puck It!,place_1,16,,
t2LLkrQbj0pwKm9i4nUs,VUqv1SY8xrakEuZxwGUsN1Z41r32,Paweł Siniawski,S1NIAWA,,Ii52VFXiWLS9NcKCAi58,Agresywny Pilates,place_2,15,,
t2LLkrQbj0pwKm9i4nUs,VUqv1SY8xrakEuZxwGUsN1Z41r32,Paweł Siniawski,S1NIAWA,,nVzav95nziXL8mddtpix,Chrupek zamknij się,place_3_4,13,,
t2LLkrQbj0pwKm9i4nUs,VUqv1SY8xrakEuZxwGUsN1Z41r32,Paweł Siniawski,S1NIAWA,,0OKTuz7PNdsMzKgvRrOh,Czosnek,place_3_4,13,,
t2LLkrQbj0pwKm9i4nUs,VUqv1SY8xrakEuZxwGUsN1Z41r32,Paweł Siniawski,S1NIAWA,,bvpFdNauTeF17fx69L2c,Dwa Razy I Do Bazy,place_5_8,9,,
t2LLkrQbj0pwKm9i4nUs,VUqv1SY8xrakEuZxwGUsN1Z41r32,Paweł Siniawski,S1NIAWA,,ascZbE2c3v568Yb2bsFN,Syzyf,place_5_8,9,,
t2LLkrQbj0pwKm9i4nUs,VUqv1SY8xrakEuZxwGUsN1Z41r32,Paweł Siniawski,S1NIAWA,,zdMgjFO2iTIcCQXwXEn2,Keo Esports,place_5_8,9,,
t2LLkrQbj0pwKm9i4nUs,VUqv1SY8xrakEuZxwGUsN1Z41r32,Paweł Siniawski,S1NIAWA,,u6kMrDWsUi2WF6GKhWH5,"Adaś, ile za tę Robotę?",place_5_8,9,,
t2LLkrQbj0pwKm9i4nUs,VUqv1SY8xrakEuZxwGUsN1Z41r32,Paweł Siniawski,S1NIAWA,,n5uP41hQfGnnZdaHW72h,Gang sylwka,place_9_12,5,,
t2LLkrQbj0pwKm9i4nUs,VUqv1SY8xrakEuZxwGUsN1Z41r32,Paweł Siniawski,S1NIAWA,,RXEbqcFKE0XaWIcufsnj,Bociarnia Junior,place_9_12,5,,
t2LLkrQbj0pwKm9i4nUs,VUqv1SY8xrakEuZxwGUsN1Z41r32,Paweł Siniawski,S1NIAWA,,c6KuothJZCHyA09sPTJF,Gramy Dla Wujka,place_9_12,5,,
t2LLkrQbj0pwKm9i4nUs,VUqv1SY8xrakEuZxwGUsN1Z41r32,Paweł Siniawski,S1NIAWA,,Qd2pcCSNMtf8k2LOvkSI,SWAGowyje,place_9_12,5,,
t2LLkrQbj0pwKm9i4nUs,h8btj7iQIvfTVPbSFZ6Y0cFwLRC2,Voo Cash,Sato,,VLI67jzh3hYFx9Eysnbn,Puck It!,place_1,16,,
t2LLkrQbj0pwKm9i4nUs,h8btj7iQIvfTVPbSFZ6Y0cFwLRC2,Voo Cash,Sato,,zdMgjFO2iTIcCQXwXEn2,Keo Esports,place_2,15,,
t2LLkrQbj0pwKm9i4nUs,h8btj7iQIvfTVPbSFZ6Y0cFwLRC2,Voo Cash,Sato,,c6KuothJZCHyA09sPTJF,Gramy Dla Wujka,place_3_4,13,,
t2LLkrQbj0pwKm9i4nUs,h8btj7iQIvfTVPbSFZ6Y0cFwLRC2,Voo Cash,Sato,,nVzav95nziXL8mddtpix,Chrupek zamknij się,place_3_4,13,,
t2LLkrQbj0pwKm9i4nUs,h8btj7iQIvfTVPbSFZ6Y0cFwLRC2,Voo Cash,Sato,,ascZbE2c3v568Yb2bsFN,Syzyf,place_5_8,9,,
t2LLkrQbj0pwKm9i4nUs,h8btj7iQIvfTVPbSFZ6Y0cFwLRC2,Voo Cash,Sato,,n5uP41hQfGnnZdaHW72h,Gang sylwka,place_5_8,9,,
t2LLkrQbj0pwKm9i4nUs,h8btj7iQIvfTVPbSFZ6Y0cFwLRC2,Voo Cash,Sato,,H3HMslxOZ1zcTd7oX2Ro,Samci Savci,place_5_8,9,,
t2LLkrQbj0pwKm9i4nUs,h8btj7iQIvfTVPbSFZ6Y0cFwLRC2,Voo Cash,Sato,,0OKTuz7PNdsMzKgvRrOh,Czosnek,place_5_8,9,,
t2LLkrQbj0pwKm9i4nUs,h8btj7iQIvfTVPbSFZ6Y0cFwLRC2,Voo Cash,Sato,,ipWCrBDspzP77i2ErR27,Sparta Orzechowo,place_9_12,5,,
t2LLkrQbj0pwKm9i4nUs,h8btj7iQIvfTVPbSFZ6Y0cFwLRC2,Voo Cash,Sato,,RXEbqcFKE0XaWIcufsnj,Bociarnia Junior,place_9_12,5,,
t2LLkrQbj0pwKm9i4nUs,h8btj7iQIvfTVPbSFZ6Y0cFwLRC2,Voo Cash,Sato,,u6kMrDWsUi2WF6GKhWH5,"Adaś, ile za tę Robotę?",place_9_12,5,,
t2LLkrQbj0pwKm9i4nUs,h8btj7iQIvfTVPbSFZ6Y0cFwLRC2,Voo Cash,Sato,,Ii52VFXiWLS9NcKCAi58,Agresywny Pilates,place_9_12,5,,
t2LLkrQbj0pwKm9i4nUs,j8ixtgsZLhMAo2w9Rtb8U6F262N2,Sebastian Liczbinski,,,omyDOuB6gb9syLuqDORc,mid diff,place_1,16,,
t2LLkrQbj0pwKm9i4nUs,j8ixtgsZLhMAo2w9Rtb8U6F262N2,Sebastian Liczbinski,,,RXEbqcFKE0XaWIcufsnj,Bociarnia Junior,place_2,15,,
t2LLkrQbj0pwKm9i4nUs,j8ixtgsZLhMAo2w9Rtb8U6F262N2,Sebastian Liczbinski,,,JPlDAQPMryxuV5zieUNY,La Cucaracha,place_3_4,13,,
t2LLkrQbj0pwKm9i4nUs,j8ixtgsZLhMAo2w9Rtb8U6F262N2,Sebastian Liczbinski,,,0OKTuz7PNdsMzKgvRrOh,Czosnek,place_3_4,13,,
t2LLkrQbj0pwKm9i4nUs,j8ixtgsZLhMAo2w9Rtb8U6F262N2,Sebastian Liczbinski,,,bvpFdNauTeF17fx69L2c,Dwa Razy I Do Bazy,place_5_8,9,,
t2LLkrQbj0pwKm9i4nUs,j8ixtgsZLhMAo2w9Rtb8U6F262N2,Sebastian Liczbinski,,,vuFoaCjeDtrCrawOqWRw,Siusiaczki,place_5_8,9,,
t2LLkrQbj0pwKm9i4nUs,j8ixtgsZLhMAo2w9Rtb8U6F262N2,Sebastian Liczbinski,,,U58HjwnnhLO1jIcasGF6,SEX,place_5_8,9,,
t2LLkrQbj0pwKm9i4nUs,j8ixtgsZLhMAo2w9Rtb8U6F262N2,Sebastian Liczbinski,,,bQVSbkopKwi333zDlvH5,PSY,place_5_8,9,,
t2LLkrQbj0pwKm9i4nUs,j8ixtgsZLhMAo2w9Rtb8U6F262N2,Sebastian Liczbinski,,,n5uP41hQfGnnZdaHW72h,Gang sylwka,place_9_12,5,,
t2LLkrQbj0pwKm9i4nUs,j8ixtgsZLhMAo2w9Rtb8U6F262N2,Sebastian Liczbinski,,,zO8OY2bf8lYsydnqKTrQ,Voodoo Monkey,place_9_12,5,,
t2LLkrQbj0pwKm9i4nUs,j8ixtgsZLhMAo2w9Rtb8U6F262N2,Sebastian Liczbinski,,,2zOyLiVvkJdIHzYb8klX,HoundGaming,place_9_12,5,,
t2LLkrQbj0pwKm9i4nUs,j8ixtgsZLhMAo2w9Rtb8U6F262N2,Sebastian Liczbinski,,,Ii52VFXiWLS9NcKCAi58,Agresywny Pilates,place_9_12,5,,
t2LLkrQbj0pwKm9i4nUs,kCpaBBc2FLWFb0kgyvkpjWSFpAE2,Karol Irzyk,KirzyK,,u6kMrDWsUi2WF6GKhWH5,"Adaś, ile za tę Robotę?",place_1,16,,
t2LLkrQbj0pwKm9i4nUs,kCpaBBc2FLWFb0kgyvkpjWSFpAE2,Karol Irzyk,KirzyK,,Ii52VFXiWLS9NcKCAi58,Agresywny Pilates,place_2,15,,
t2LLkrQbj0pwKm9i4nUs,kCpaBBc2FLWFb0kgyvkpjWSFpAE2,Karol Irzyk,KirzyK,,RXEbqcFKE0XaWIcufsnj,Bociarnia Junior,place_3_4,13,,
t2LLkrQbj0pwKm9i4nUs,kCpaBBc2FLWFb0kgyvkpjWSFpAE2,Karol Irzyk,KirzyK,,0OKTuz7PNdsMzKgvRrOh,Czosnek,place_3_4,13,,
t2LLkrQbj0pwKm9i4nUs,kCpaBBc2FLWFb0kgyvkpjWSFpAE2,Karol Irzyk,KirzyK,,zO8OY2bf8lYsydnqKTrQ,Voodoo Monkey,place_5_8,9,,
t2LLkrQbj0pwKm9i4nUs,kCpaBBc2FLWFb0kgyvkpjWSFpAE2,Karol Irzyk,KirzyK,,bQVSbkopKwi333zDlvH5,PSY,place_5_8,9,,
t2LLkrQbj0pwKm9i4nUs,kCpaBBc2FLWFb0kgyvkpjWSFpAE2,Karol Irzyk,KirzyK,,x2vbMbrLklQ5Fogl1poE,Bubliny Team,place_5_8,9,,
t2LLkrQbj0pwKm9i4nUs,kCpaBBc2FLWFb0kgyvkpjWSFpAE2,Karol Irzyk,KirzyK,,2zOyLiVvkJdIHzYb8klX,HoundGaming,place_5_8,9,,
t2LLkrQbj0pwKm9i4nUs,kCpaBBc2FLWFb0kgyvkpjWSFpAE2,Karol Irzyk,KirzyK,,ascZbE2c3v568Yb2bsFN,Syzyf,place_9_12,5,,
t2LLkrQbj0pwKm9i4nUs,kCpaBBc2FLWFb0kgyvkpjWSFpAE2,Karol Irzyk,KirzyK,,U58HjwnnhLO1jIcasGF6,SEX,place_9_12,5,,
t2LLkrQbj0pwKm9i4nUs,kCpaBBc2FLWFb0kgyvkpjWSFpAE2,Karol Irzyk,KirzyK,,Qd2pcCSNMtf8k2LOvkSI,SWAGowyje,place_9_12,5,,
t2LLkrQbj0pwKm9i4nUs,kCpaBBc2FLWFb0kgyvkpjWSFpAE2,Karol Irzyk,KirzyK,,nVzav95nziXL8mddtpix,Chrupek zamknij się,place_9_12,5,,
t2LLkrQbj0pwKm9i4nUs,mwsELwXhaDS3y9zTQMvM1DXPE1o2,ma12rek Gaming,,,zdMgjFO2iTIcCQXwXEn2,Keo Esports,place_1,16,,
t2LLkrQbj0pwKm9i4nUs,mwsELwXhaDS3y9zTQMvM1DXPE1o2,ma12rek Gaming,,,RXEbqcFKE0XaWIcufsnj,Bociarnia Junior,place_2,15,,
t2LLkrQbj0pwKm9i4nUs,mwsELwXhaDS3y9zTQMvM1DXPE1o2,ma12rek Gaming,,,c6KuothJZCHyA09sPTJF,Gramy Dla Wujka,place_3_4,13,,
t2LLkrQbj0pwKm9i4nUs,mwsELwXhaDS3y9zTQMvM1DXPE1o2,ma12rek Gaming,,,ascZbE2c3v568Yb2bsFN,Syzyf,place_3_4,13,,
t2LLkrQbj0pwKm9i4nUs,mwsELwXhaDS3y9zTQMvM1DXPE1o2,ma12rek Gaming,,,ipWCrBDspzP77i2ErR27,Sparta Orzechowo,place_5_8,9,,
t2LLkrQbj0pwKm9i4nUs,mwsELwXhaDS3y9zTQMvM1DXPE1o2,ma12rek Gaming,,,0OKTuz7PNdsMzKgvRrOh,Czosnek,place_5_8,9,,
t2LLkrQbj0pwKm9i4nUs,mwsELwXhaDS3y9zTQMvM1DXPE1o2,ma12rek Gaming,,,u6kMrDWsUi2WF6GKhWH5,"Adaś, ile za tę Robotę?",place_5_8,9,,
t2LLkrQbj0pwKm9i4nUs,mwsELwXhaDS3y9zTQMvM1DXPE1o2,ma12rek Gaming,,,Ii52VFXiWLS9NcKCAi58,Agresywny Pilates,place_5_8,9,,
t2LLkrQbj0pwKm9i4nUs,mwsELwXhaDS3y9zTQMvM1DXPE1o2,ma12rek Gaming,,,bvpFdNauTeF17fx69L2c,Dwa Razy I Do Bazy,place_9_12,5,,
t2LLkrQbj0pwKm9i4nUs,mwsELwXhaDS3y9zTQMvM1DXPE1o2,ma12rek Gaming,,,nVzav95nziXL8mddtpix,Chrupek zamknij się,place_9_12,5,,
t2LLkrQbj0pwKm9i4nUs,mwsELwXhaDS3y9zTQMvM1DXPE1o2,ma12rek Gaming,,,n5uP41hQfGnnZdaHW72h,Gang sylwka,place_9_12,5,,
t2LLkrQbj0pwKm9i4nUs,mwsELwXhaDS3y9zTQMvM1DXPE1o2,ma12rek Gaming,,,H3HMslxOZ1zcTd7oX2Ro,Samci Savci,place_9_12,5,,
t2LLkrQbj0pwKm9i4nUs,uCEuncmaYTO0RPh0UcOeTjIAvSm1,Aleksander K.,SlavicEagle,,zdMgjFO2iTIcCQXwXEn2,Keo Esports,place_1,16,,
t2LLkrQbj0pwKm9i4nUs,uCEuncmaYTO0RPh0UcOeTjIAvSm1,Aleksander K.,SlavicEagle,,RXEbqcFKE0XaWIcufsnj,Bociarnia Junior,place_2,15,,
t2LLkrQbj0pwKm9i4nUs,uCEuncmaYTO0RPh0UcOeTjIAvSm1,Aleksander K.,SlavicEagle,,Ii52VFXiWLS9NcKCAi58,Agresywny Pilates,place_3_4,13,,
t2LLkrQbj0pwKm9i4nUs,uCEuncmaYTO0RPh0UcOeTjIAvSm1,Aleksander K.,SlavicEagle,,0OKTuz7PNdsMzKgvRrOh,Czosnek,place_3_4,13,,
t2LLkrQbj0pwKm9i4nUs,uCEuncmaYTO0RPh0UcOeTjIAvSm1,Aleksander K.,SlavicEagle,,n5uP41hQfGnnZdaHW72h,Gang sylwka,place_5_8,9,,
t2LLkrQbj0pwKm9i4nUs,uCEuncmaYTO0RPh0UcOeTjIAvSm1,Aleksander K.,SlavicEagle,,ipWCrBDspzP77i2ErR27,Sparta Orzechowo,place_5_8,9,,
t2LLkrQbj0pwKm9i4nUs,uCEuncmaYTO0RPh0UcOeTjIAvSm1,Aleksander K.,SlavicEagle,,VLI67jzh3hYFx9Eysnbn,Puck It!,place_5_8,9,,
t2LLkrQbj0pwKm9i4nUs,uCEuncmaYTO0RPh0UcOeTjIAvSm1,Aleksander K.,SlavicEagle,,ascZbE2c3v568Yb2bsFN,Syzyf,place_5_8,9,,
t2LLkrQbj0pwKm9i4nUs,uCEuncmaYTO0RPh0UcOeTjIAvSm1,Aleksander K.,SlavicEagle,,c6KuothJZCHyA09sPTJF,Gramy Dla Wujka,place_9_12,5,,
t2LLkrQbj0pwKm9i4nUs,uCEuncmaYTO0RPh0UcOeTjIAvSm1,Aleksander K.,SlavicEagle,,u6kMrDWsUi2WF6GKhWH5,"Adaś, ile za tę Robotę?",place_9_12,5,,
t2LLkrQbj0pwKm9i4nUs,uCEuncmaYTO0RPh0UcOeTjIAvSm1,Aleksander K.,SlavicEagle,,zO8OY2bf8lYsydnqKTrQ,Voodoo Monkey,place_9_12,5,,
t2LLkrQbj0pwKm9i4nUs,uCEuncmaYTO0RPh0UcOeTjIAvSm1,Aleksander K.,SlavicEagle,,nVzav95nziXL8mddtpix,Chrupek zamknij się,place_9_12,5,,
t2LLkrQbj0pwKm9i4nUs,wbRPIu9JcSTyAFGJgsuFWRP3apr2,M G,,,n5uP41hQfGnnZdaHW72h,Gang sylwka,place_1,16,,
t2LLkrQbj0pwKm9i4nUs,wbRPIu9JcSTyAFGJgsuFWRP3apr2,M G,,,nVzav95nziXL8mddtpix,Chrupek zamknij się,place_2,15,,
t2LLkrQbj0pwKm9i4nUs,wbRPIu9JcSTyAFGJgsuFWRP3apr2,M G,,,zdMgjFO2iTIcCQXwXEn2,Keo Esports,place_3_4,13,,
t2LLkrQbj0pwKm9i4nUs,wbRPIu9JcSTyAFGJgsuFWRP3apr2,M G,,,VLI67jzh3hYFx9Eysnbn,Puck It!,place_3_4,13,,
t2LLkrQbj0pwKm9i4nUs,wbRPIu9JcSTyAFGJgsuFWRP3apr2,M G,,,u6kMrDWsUi2WF6GKhWH5,"Adaś, ile za tę Robotę?",place_5_8,9,,
t2LLkrQbj0pwKm9i4nUs,wbRPIu9JcSTyAFGJgsuFWRP3apr2,M G,,,Ii52VFXiWLS9NcKCAi58,Agresywny Pilates,place_5_8,9,,
t2LLkrQbj0pwKm9i4nUs,wbRPIu9JcSTyAFGJgsuFWRP3apr2,M G,,,0OKTuz7PNdsMzKgvRrOh,Czosnek,place_5_8,9,,
t2LLkrQbj0pwKm9i4nUs,wbRPIu9JcSTyAFGJgsuFWRP3apr2,M G,,,ipWCrBDspzP77i2ErR27,Sparta Orzechowo,place_5_8,9,,
t2LLkrQbj0pwKm9i4nUs,wbRPIu9JcSTyAFGJgsuFWRP3apr2,M G,,,ascZbE2c3v568Yb2bsFN,Syzyf,place_9_12,5,,
t2LLkrQbj0pwKm9i4nUs,wbRPIu9JcSTyAFGJgsuFWRP3apr2,M G,,,x2vbMbrLklQ5Fogl1poE,Bubliny Team,place_9_12,5,,
t2LLkrQbj0pwKm9i4nUs,wbRPIu9JcSTyAFGJgsuFWRP3apr2,M G,,,RXEbqcFKE0XaWIcufsnj,Bociarnia Junior,place_9_12,5,,
t2LLkrQbj0pwKm9i4nUs,wbRPIu9JcSTyAFGJgsuFWRP3apr2,M G,,,c6KuothJZCHyA09sPTJF,Gramy Dla Wujka,place_9_12,5,,
t2LLkrQbj0pwKm9i4nUs,yeXJO3djDBgyY8GMr5Xc3C4A9L23,Warm Red!,Smok,,VLI67jzh3hYFx9Eysnbn,Puck It!,place_1,16,,
t2LLkrQbj0pwKm9i4nUs,yeXJO3djDBgyY8GMr5Xc3C4A9L23,Warm Red!,Smok,,zdMgjFO2iTIcCQXwXEn2,Keo Esports,place_2,15,,
t2LLkrQbj0pwKm9i4nUs,yeXJO3djDBgyY8GMr5Xc3C4A9L23,Warm Red!,Smok,,n5uP41hQfGnnZdaHW72h,Gang sylwka,place_3_4,13,,
t2LLkrQbj0pwKm9i4nUs,yeXJO3djDBgyY8GMr5Xc3C4A9L23,Warm Red!,Smok,,Ii52VFXiWLS9NcKCAi58,Agresywny Pilates,place_3_4,13,,
t2LLkrQbj0pwKm9i4nUs,yeXJO3djDBgyY8GMr5Xc3C4A9L23,Warm Red!,Smok,,u6kMrDWsUi2WF6GKhWH5,"Adaś, ile za tę Robotę?",place_5_8,9,,
t2LLkrQbj0pwKm9i4nUs,yeXJO3djDBgyY8GMr5Xc3C4A9L23,Warm Red!,Smok,,nVzav95nziXL8mddtpix,Chrupek zamknij się,place_5_8,9,,
t2LLkrQbj0pwKm9i4nUs,yeXJO3djDBgyY8GMr5Xc3C4A9L23,Warm Red!,Smok,,0OKTuz7PNdsMzKgvRrOh,Czosnek,place_5_8,9,,
t2LLkrQbj0pwKm9i4nUs,yeXJO3djDBgyY8GMr5Xc3C4A9L23,Warm Red!,Smok,,RXEbqcFKE0XaWIcufsnj,Bociarnia Junior,place_5_8,9,,
t2LLkrQbj0pwKm9i4nUs,yeXJO3djDBgyY8GMr5Xc3C4A9L23,Warm Red!,Smok,,ascZbE2c3v568Yb2bsFN,Syzyf,place_9_12,5,,
t2LLkrQbj0pwKm9i4nUs,yeXJO3djDBgyY8GMr5Xc3C4A9L23,Warm Red!,Smok,,c6KuothJZCHyA09sPTJF,Gramy Dla Wujka,place_9_12,5,,
t2LLkrQbj0pwKm9i4nUs,yeXJO3djDBgyY8GMr5Xc3C4A9L23,Warm Red!,Smok,,zO8OY2bf8lYsydnqKTrQ,Voodoo Monkey,place_9_12,5,,
t2LLkrQbj0pwKm9i4nUs,yeXJO3djDBgyY8GMr5Xc3C4A9L23,Warm Red!,Smok,,bvpFdNauTeF17fx69L2c,Dwa Razy I Do Bazy,place_9_12,5,,
ACTUAL,ACTUAL,Actual score,,,n5uP41hQfGnnZdaHW72h,Gang sylwka,place_1,16,,
ACTUAL,ACTUAL,Actual score,,,u6kMrDWsUi2WF6GKhWH5,"Adaś, ile za tę Robotę?",place_2,15,,
ACTUAL,ACTUAL,Actual score,,,zdMgjFO2iTIcCQXwXEn2,Keo Esports,place_3_4,13,,
ACTUAL,ACTUAL,Actual score,,,nVzav95nziXL8mddtpix,Chrupek zamknij się,place_3_4,13,,
ACTUAL,ACTUAL,Actual score,,,RXEbqcFKE0XaWIcufsnj,Bociarnia Junior,place_5_8,9,,
ACTUAL,ACTUAL,Actual score,,,0OKTuz7PNdsMzKgvRrOh,Czosnek,place_5_8,9,,
ACTUAL,ACTUAL,Actual score,,,Ii52VFXiWLS9NcKCAi58,Agresywny Pilates,place_5_8,9,,
ACTUAL,ACTUAL,Actual score,,,VLI67jzh3hYFx9Eysnbn,Puck It!,place_5_8,9,,
ACTUAL,ACTUAL,Actual score,,,zO8OY2bf8lYsydnqKTrQ,Voodoo Monkey,place_9_12,5,,
ACTUAL,ACTUAL,Actual score,,,ascZbE2c3v568Yb2bsFN,Syzyf,place_9_12,5,,
ACTUAL,ACTUAL,Actual score,,,c6KuothJZCHyA09sPTJF,Gramy Dla Wujka,place_9_12,5,,
ACTUAL,ACTUAL,Actual score,,,bvpFdNauTeF17fx69L2c,Dwa Razy I Do Bazy,place_9_12,5,,
